url,defect_type,historical_impressions,historical_clicks,historical_avg_position,had_any_visibility,in_duplicate_title_list,status
https://furnirevive.com/modular-kitchen-sector-150-noida,internal_duplicate,6,0,11.5,True,False,lost
https://furnirevive.com/modular-kitchen-sector-62-noida,internal_duplicate,17,1,10.05,True,True,lost
https://furnirevive.com/modular-kitchen-sector-57-gurgaon,internal_duplicate,2,0,22.5,True,True,lost
https://furnirevive.com/modular-kitchen-sector-67-gurgaon,internal_duplicate,2,0,2.0,True,True,lost
https://furnirevive.com/modular-kitchen-sector-82-gurgaon,internal_duplicate,3,0,6.333333333333333,True,True,lost
https://furnirevive.com/modular-kitchen-sector-83-gurgaon,internal_duplicate,2,0,8.0,True,True,lost
https://furnirevive.com/modular-kitchen-sector-56-gurgaon,internal_duplicate,1,0,5.0,True,True,lost
https://furnirevive.com/modular-kitchen-sector-18-noida,internal_duplicate,5,1,5.111111111111111,True,True,lost
https://furnirevive.com/modular-kitchen-sector-44-noida,internal_duplicate,0,0,,False,True,no_period_data
https://furnirevive.com/modular-kitchen-sector-47-noida,internal_duplicate,1,0,1.0,True,True,lost
https://furnirevive.com/modular-kitchen-mahagun-moderne-noida,internal_duplicate,3,0,1.0,True,False,lost
https://furnirevive.com/modular-kitchen-sector-49-gurgaon,internal_duplicate,4,0,5.5,True,True,lost
https://furnirevive.com/modular-kitchen-sector-48-gurgaon,internal_duplicate,1,0,29.0,True,True,lost
https://furnirevive.com/modular-kitchen-sector-92-gurgaon,internal_duplicate,0,0,,False,False,no_period_data
https://furnirevive.com/modular-kitchen-sector-58-gurgaon,internal_duplicate,0,0,,False,False,no_period_data
https://furnirevive.com/modular-kitchen-sector-70-gurgaon,internal_duplicate,3,0,5.5,True,False,lost
https://furnirevive.com/modular-kitchen-sector-69-gurgaon,internal_duplicate,0,0,,False,False,no_period_data
https://furnirevive.com/modular-kitchen-sector-68-gurgaon,internal_duplicate,0,0,,False,False,no_period_data
https://furnirevive.com/modular-kitchen-sector-71-gurgaon,internal_duplicate,0,0,,False,False,no_period_data
https://furnirevive.com/modular-kitchen-sector-72-gurgaon,internal_duplicate,0,0,,False,False,no_period_data
https://furnirevive.com/modular-kitchen-sector-73-gurgaon,internal_duplicate,0,0,,False,False,no_period_data
https://furnirevive.com/modular-kitchen-sector-74-gurgaon,internal_duplicate,0,0,,False,False,no_period_data
https://furnirevive.com/modular-kitchen-sector-75-gurgaon,internal_duplicate,0,0,,False,False,no_period_data
https://furnirevive.com/modular-kitchen-sector-76-gurgaon,internal_duplicate,0,0,,False,False,no_period_data
https://furnirevive.com/modular-kitchen-sector-77-gurgaon,internal_duplicate,0,0,,False,False,no_period_data
https://furnirevive.com/modular-kitchen-sector-78-gurgaon,internal_duplicate,0,0,,False,False,no_period_data
https://furnirevive.com/modular-kitchen-sector-79-gurgaon,internal_duplicate,0,0,,False,False,no_period_data
https://furnirevive.com/modular-kitchen-sector-80-gurgaon,internal_duplicate,0,0,,False,False,no_period_data
https://furnirevive.com/modular-kitchen-sector-81-gurgaon,internal_duplicate,0,0,,False,False,no_period_data
https://furnirevive.com/modular-kitchen-sector-84-gurgaon,internal_duplicate,0,0,,False,False,no_period_data
https://furnirevive.com/modular-kitchen-sector-85-gurgaon,internal_duplicate,0,0,,False,False,no_period_data
https://furnirevive.com/modular-kitchen-sector-86-gurgaon,internal_duplicate,0,0,,False,False,no_period_data
https://furnirevive.com/modular-kitchen-sector-88-gurgaon,internal_duplicate,0,0,,False,False,no_period_data
https://furnirevive.com/modular-kitchen-sector-91-gurgaon,internal_duplicate,0,0,,False,False,no_period_data
https://furnirevive.com/modular-kitchen-sector-103-gurgaon,internal_duplicate,0,0,,False,False,no_period_data
https://furnirevive.com/modular-kitchen-sector-104-gurgaon,internal_duplicate,3,0,9.333333333333334,True,False,lost
https://furnirevive.com/modular-kitchen-sector-55-gurgaon,internal_duplicate,0,0,,False,True,no_period_data
https://furnirevive.com/modular-kitchen-sector-124-noida,internal_duplicate,0,0,,False,False,no_period_data
https://furnirevive.com/modular-kitchen-sector-125-noida,internal_duplicate,0,0,,False,False,no_period_data
https://furnirevive.com/modular-kitchen-sector-126-noida,internal_duplicate,2,0,16.0,True,False,lost
https://furnirevive.com/modular-kitchen-sector-134-noida,internal_duplicate,5,0,25.4,True,False,lost
https://furnirevive.com/modular-kitchen-sector-135-noida,internal_duplicate,1,0,8.0,True,False,lost
https://furnirevive.com/modular-kitchen-sector-72-noida,internal_duplicate,2,0,6.5,True,True,lost
https://furnirevive.com/modular-kitchen-sector-73-noida,internal_duplicate,2,0,5.5,True,True,lost
https://furnirevive.com/modular-kitchen-sector-74-noida,internal_duplicate,2,0,5.5,True,True,lost
https://furnirevive.com/modular-kitchen-sector-119-noida,internal_duplicate,0,0,,False,False,no_period_data
https://furnirevive.com/modular-kitchen-sector-120-noida,internal_duplicate,3,0,5.333333333333333,True,False,survived
https://furnirevive.com/modular-kitchen-sector-121-noida,internal_duplicate,1,0,8.0,True,False,lost
https://furnirevive.com/modular-kitchen-sector-122-noida,internal_duplicate,3,0,3.0,True,False,lost
https://furnirevive.com/modular-kitchen-sector-123-noida,internal_duplicate,3,0,8.333333333333334,True,False,lost
https://furnirevive.com/modular-kitchen-sector-127-noida,internal_duplicate,2,0,11.0,True,False,lost
https://furnirevive.com/modular-kitchen-sector-129-noida,internal_duplicate,0,0,,False,False,no_period_data
https://furnirevive.com/modular-kitchen-sector-130-noida,internal_duplicate,2,0,8.0,True,False,lost
https://furnirevive.com/modular-kitchen-sector-131-noida,internal_duplicate,0,0,,False,False,no_period_data
https://furnirevive.com/modular-kitchen-sector-132-noida,internal_duplicate,3,0,5.0,True,False,lost
https://furnirevive.com/modular-kitchen-sector-133-noida,internal_duplicate,0,0,,False,False,no_period_data
https://furnirevive.com/modular-kitchen-sector-136-noida,internal_duplicate,1,0,16.0,True,False,lost
https://furnirevive.com/modular-kitchen-sector-149-noida,internal_duplicate,2,0,12.0,True,False,lost
https://furnirevive.com/modular-kitchen-sector-151-noida,internal_duplicate,0,0,,False,False,no_period_data
https://furnirevive.com/modular-kitchen-sector-152-noida,internal_duplicate,0,0,,False,False,no_period_data
https://furnirevive.com/modular-kitchen-arthala-ghaziabad,internal_duplicate,0,0,,False,False,no_period_data
https://furnirevive.com/modular-kitchen-sector-31-gurgaon,internal_duplicate,0,0,,False,False,no_period_data
https://furnirevive.com/modular-kitchen-sector-32-gurgaon,internal_duplicate,0,0,,False,False,no_period_data
https://furnirevive.com/modular-kitchen-sector-40-gurgaon,internal_duplicate,0,0,,False,False,no_period_data
https://furnirevive.com/modular-kitchen-sector-43-gurgaon,internal_duplicate,1,0,6.0,True,False,lost
https://furnirevive.com/modular-kitchen-sector-45-gurgaon,internal_duplicate,2,0,4.0,True,True,lost
https://furnirevive.com/modular-kitchen-sector-46-gurgaon,internal_duplicate,5,0,6.0,True,True,lost
https://furnirevive.com/modular-kitchen-sector-47-gurgaon,internal_duplicate,1,0,12.0,True,True,lost
https://furnirevive.com/modular-kitchen-sector-59-gurgaon,internal_duplicate,1,0,11.0,True,False,lost
https://furnirevive.com/modular-kitchen-sector-30-noida,internal_duplicate,0,0,,False,True,no_period_data
https://furnirevive.com/modular-kitchen-sector-31-noida,internal_duplicate,0,0,,False,True,no_period_data
https://furnirevive.com/modular-kitchen-sector-32-noida,internal_duplicate,0,0,,False,False,no_period_data
https://furnirevive.com/modular-kitchen-sector-33-noida,internal_duplicate,1,0,6.0,True,True,lost
https://furnirevive.com/modular-kitchen-sector-34-noida,internal_duplicate,2,0,10.0,True,True,lost
https://furnirevive.com/modular-kitchen-sector-35-noida,internal_duplicate,6,0,28.416666666666668,True,True,lost
https://furnirevive.com/modular-kitchen-sector-36-noida,internal_duplicate,0,0,,False,True,no_period_data
https://furnirevive.com/modular-kitchen-sector-37-noida,internal_duplicate,0,0,,False,True,no_period_data
https://furnirevive.com/modular-kitchen-sector-38-noida,internal_duplicate,0,0,,False,False,no_period_data
https://furnirevive.com/modular-kitchen-sector-39-noida,internal_duplicate,2,0,9.0,True,True,lost
https://furnirevive.com/modular-kitchen-sector-40-noida,internal_duplicate,0,0,,False,True,no_period_data
https://furnirevive.com/modular-kitchen-sector-41-noida,internal_duplicate,0,0,,False,True,no_period_data
https://furnirevive.com/modular-kitchen-sector-55-faridabad,internal_duplicate,0,0,,False,False,no_period_data
https://furnirevive.com/modular-kitchen-sector-56-faridabad,internal_duplicate,0,0,,False,False,no_period_data
https://furnirevive.com/modular-kitchen-sector-57-faridabad,internal_duplicate,0,0,,False,False,no_period_data
https://furnirevive.com/modular-kitchen-sector-58-faridabad,internal_duplicate,0,0,,False,False,no_period_data
https://furnirevive.com/modular-kitchen-pitampura-delhi,internal_duplicate,0,0,,False,True,no_period_data
https://furnirevive.com/modular-kitchen-karol-bagh-delhi,internal_duplicate,0,0,,False,True,no_period_data
https://furnirevive.com/modular-kitchen-rajendra-place-delhi,internal_duplicate,0,0,,False,False,no_period_data
https://furnirevive.com/modular-kitchen-tri-nagar-delhi,internal_duplicate,0,0,,False,False,no_period_data
https://furnirevive.com/modular-kitchen-mukherjee-nagar-delhi,internal_duplicate,0,0,,False,True,no_period_data
https://furnirevive.com/modular-kitchen-civil-lines-delhi,internal_duplicate,0,0,,False,False,no_period_data
https://furnirevive.com/modular-kitchen-kamla-nagar-delhi,internal_duplicate,0,0,,False,True,no_period_data
https://furnirevive.com/modular-kitchen-burari-delhi,internal_duplicate,0,0,,False,True,no_period_data
https://furnirevive.com/modular-kitchen-libaspur-delhi,internal_duplicate,0,0,,False,True,no_period_data
https://furnirevive.com/modular-kitchen-sector-42-noida,internal_duplicate,1,0,10.0,True,True,lost
https://furnirevive.com/modular-kitchen-sector-43-noida,internal_duplicate,3,0,6.333333333333333,True,True,lost
https://furnirevive.com/modular-kitchen-mu-greater-noida,internal_duplicate,0,0,,False,False,no_period_data
https://furnirevive.com/modular-kitchen-abhay-khand-ghaziabad,internal_duplicate,2,0,46.5,True,False,lost
https://furnirevive.com/modular-kitchen-nyay-khand-ghaziabad,internal_duplicate,2,0,5.5,True,False,lost
https://furnirevive.com/modular-kitchen-shakti-khand-ghaziabad,internal_duplicate,1,0,3.0,True,False,lost
https://furnirevive.com/modular-kitchen-raj-nagar-ghaziabad,internal_duplicate,2,0,2.0,True,True,lost
https://furnirevive.com/modular-kitchen-sanjay-nagar-ghaziabad,internal_duplicate,3,0,6.333333333333333,True,False,lost
https://furnirevive.com/modular-kitchen-nehru-nagar-ghaziabad,internal_duplicate,0,0,,False,False,no_period_data
https://furnirevive.com/modular-kitchen-vijay-nagar-ghaziabad,internal_duplicate,2,0,7.0,True,False,lost
https://furnirevive.com/modular-kitchen-patel-nagar-ghaziabad,internal_duplicate,6,0,9.3,True,False,lost
https://furnirevive.com/modular-kitchen-east-of-kailash-delhi,internal_duplicate,0,0,,False,True,no_period_data
https://furnirevive.com/modular-kitchen-panchsheel-enclave-delhi,internal_duplicate,0,0,,False,False,no_period_data
https://furnirevive.com/modular-kitchen-alaknanda-delhi,internal_duplicate,0,0,,False,False,no_period_data
https://furnirevive.com/modular-kitchen-andrews-ganj-delhi,internal_duplicate,0,0,,False,False,no_period_data
https://furnirevive.com/modular-kitchen-chirag-delhi,internal_duplicate,5,0,14.4,True,False,lost
https://furnirevive.com/modular-kitchen-sarita-vihar-delhi,internal_duplicate,0,0,,False,False,no_period_data
https://furnirevive.com/modular-kitchen-jasola-delhi,internal_duplicate,0,0,,False,False,no_period_data
https://furnirevive.com/modular-kitchen-jamia-nagar-delhi,internal_duplicate,0,0,,False,False,no_period_data
https://furnirevive.com/modular-kitchen-neb-sarai-delhi,internal_duplicate,0,0,,False,False,no_period_data
https://furnirevive.com/modular-kitchen-mehrauli-delhi,internal_duplicate,0,0,,False,True,no_period_data
https://furnirevive.com/modular-kitchen-chattarpur-delhi,internal_duplicate,0,0,,False,True,no_period_data
https://furnirevive.com/modular-kitchen-pushp-vihar-delhi,internal_duplicate,0,0,,False,False,no_period_data
https://furnirevive.com/modular-kitchen-sheikh-sarai-delhi,internal_duplicate,0,0,,False,True,no_period_data
https://furnirevive.com/modular-kitchen-rk-puram-delhi,internal_duplicate,0,0,,False,False,no_period_data
https://furnirevive.com/modular-kitchen-munirka-delhi,internal_duplicate,0,0,,False,True,no_period_data
https://furnirevive.com/modular-kitchen-sadiq-nagar-delhi,internal_duplicate,0,0,,False,False,no_period_data
https://furnirevive.com/modular-kitchen-yusuf-sarai-delhi,internal_duplicate,0,0,,False,False,no_period_data
https://furnirevive.com/modular-kitchen-hauz-rani-delhi,internal_duplicate,0,0,,False,False,no_period_data
https://furnirevive.com/modular-kitchen-ber-sarai-delhi,internal_duplicate,0,0,,False,False,no_period_data
https://furnirevive.com/modular-kitchen-masjid-moth-delhi,internal_duplicate,0,0,,False,False,no_period_data
https://furnirevive.com/modular-kitchen-sector-81-noida,internal_duplicate,0,0,,False,False,no_period_data
https://furnirevive.com/modular-kitchen-sector-88-noida,internal_duplicate,1,0,8.0,True,False,lost
https://furnirevive.com/modular-kitchen-sector-89-noida,internal_duplicate,1,0,8.0,True,False,lost
https://furnirevive.com/modular-kitchen-sector-90-noida,internal_duplicate,1,0,7.0,True,False,lost
https://furnirevive.com/modular-kitchen-sector-91-noida,internal_duplicate,0,0,,False,False,no_period_data
https://furnirevive.com/modular-kitchen-sector-48-faridabad,internal_duplicate,1,0,5.0,True,False,lost
https://furnirevive.com/modular-kitchen-sector-50-faridabad,internal_duplicate,1,0,19.0,True,False,lost
https://furnirevive.com/modular-kitchen-sector-52-faridabad,internal_duplicate,0,0,,False,False,no_period_data
https://furnirevive.com/modular-kitchen-sector-53-faridabad,internal_duplicate,0,0,,False,False,no_period_data
https://furnirevive.com/modular-kitchen-sector-59-faridabad,internal_duplicate,0,0,,False,False,no_period_data
https://furnirevive.com/modular-kitchen-sector-60-faridabad,internal_duplicate,0,0,,False,False,no_period_data
https://furnirevive.com/modular-kitchen-bhajanpura-delhi,internal_duplicate,0,0,,False,True,no_period_data
https://furnirevive.com/modular-kitchen-seelampur-delhi,internal_duplicate,0,0,,False,True,no_period_data
https://furnirevive.com/modular-kitchen-mustafabad-delhi,internal_duplicate,0,0,,False,True,no_period_data
https://furnirevive.com/modular-kitchen-harsh-vihar-delhi,internal_duplicate,0,0,,False,False,no_period_data
https://furnirevive.com/modular-kitchen-bawana-delhi,internal_duplicate,0,0,,False,True,no_period_data
https://furnirevive.com/modular-kitchen-subhash-nagar-delhi,internal_duplicate,0,0,,False,False,no_period_data
https://furnirevive.com/modular-kitchen-nangloi-delhi,internal_duplicate,0,0,,False,False,no_period_data
https://furnirevive.com/modular-kitchen-punjabi-bagh-west-delhi,internal_duplicate,0,0,,False,False,no_period_data
https://furnirevive.com/modular-kitchen-sector-33-gurgaon,internal_duplicate,0,0,,False,False,no_period_data
https://furnirevive.com/modular-kitchen-sector-34-gurgaon,internal_duplicate,0,0,,False,False,no_period_data
https://furnirevive.com/modular-kitchen-sector-35-gurgaon,internal_duplicate,0,0,,False,False,no_period_data
https://furnirevive.com/modular-kitchen-sector-36-gurgaon,internal_duplicate,0,0,,False,False,no_period_data
https://furnirevive.com/modular-kitchen-sector-42-gurgaon,internal_duplicate,0,0,,False,False,no_period_data
https://furnirevive.com/modular-kitchen-sector-44-gurgaon,internal_duplicate,0,0,,False,True,no_period_data
https://furnirevive.com/modular-kitchen-karawal-nagar-delhi,internal_duplicate,0,0,,False,False,no_period_data
https://furnirevive.com/modular-kitchen-usmanpur-delhi,internal_duplicate,0,0,,False,False,no_period_data
https://furnirevive.com/modular-kitchen-mahagun-mywoods-noida,internal_duplicate,0,0,,False,False,no_period_data
https://furnirevive.com/modular-kitchen-supertech-capetown-noida,internal_duplicate,5,0,12.4,True,False,lost
https://furnirevive.com/modular-kitchen-amrapali-silicon-city-noida,internal_duplicate,0,0,,False,False,no_period_data
https://furnirevive.com/modular-kitchen-prateek-wisteria-noida,internal_duplicate,0,0,,False,False,no_period_data
https://furnirevive.com/modular-kitchen-new-rajinder-nagar-delhi,internal_duplicate,0,0,,False,False,no_period_data
https://furnirevive.com/modular-kitchen-old-rajinder-nagar-delhi,internal_duplicate,0,0,,False,False,no_period_data
https://furnirevive.com/modular-kitchen-rosewood-city-gurgaon,internal_duplicate,0,0,,False,False,no_period_data
https://furnirevive.com/modular-kitchen-greenwood-city-gurgaon,internal_duplicate,0,0,,False,False,no_period_data
https://furnirevive.com/modular-kitchen-malibu-towne-gurgaon,internal_duplicate,0,0,,False,False,no_period_data
https://furnirevive.com/modular-kitchen-emaar-palm-hills-gurgaon,internal_duplicate,0,0,,False,False,no_period_data
https://furnirevive.com/modular-kitchen-vatika-india-next-gurgaon,internal_duplicate,0,0,,False,False,no_period_data
https://furnirevive.com/modular-kitchen-hero-homes-gurgaon,internal_duplicate,0,0,,False,False,no_period_data
https://furnirevive.com/modular-kitchen-sector-117-faridabad,internal_duplicate,0,0,,False,False,no_period_data
https://furnirevive.com/modular-kitchen-sector-118-faridabad,internal_duplicate,0,0,,False,False,no_period_data
https://furnirevive.com/modular-kitchen-sector-119-faridabad,internal_duplicate,0,0,,False,False,no_period_data
https://furnirevive.com/modular-kitchen-godrej-summit-gurgaon,internal_duplicate,0,0,,False,False,no_period_data
https://furnirevive.com/modular-kitchen-m3m-golf-estate-gurgaon,internal_duplicate,0,0,,False,False,no_period_data
https://furnirevive.com/modular-kitchen-trump-towers-gurgaon,internal_duplicate,0,0,,False,False,no_period_data
https://furnirevive.com/modular-kitchen-sector-121-faridabad,internal_duplicate,0,0,,False,False,no_period_data
https://furnirevive.com/modular-kitchen-antriksh-golf-view-noida,internal_duplicate,0,0,,False,False,no_period_data
https://furnirevive.com/modular-kitchen-ramesh-nagar-delhi,internal_duplicate,0,0,,False,False,no_period_data
https://furnirevive.com/modular-kitchen-mahagun-mywood-ghaziabad,internal_duplicate,0,0,,False,False,no_period_data
https://furnirevive.com/modular-kitchen-greater-kailash,cross_registry_overlap,8,0,5.75,True,True,lost
https://furnirevive.com/modular-kitchen-vasant-kunj,cross_registry_overlap,11,0,13.357142857142858,True,True,lost
https://furnirevive.com/modular-kitchen-hauz-khas,cross_registry_overlap,0,0,,False,True,no_period_data
https://furnirevive.com/modular-kitchen-defence-colony,cross_registry_overlap,5,0,5.5,True,True,lost
https://furnirevive.com/modular-kitchen-south-extension,cross_registry_overlap,4,0,3.333333333333333,True,True,lost
https://furnirevive.com/modular-kitchen-green-park,cross_registry_overlap,3,0,8.0,True,True,lost
https://furnirevive.com/modular-kitchen-dwarka-delhi,cross_registry_overlap,11,0,3.5,True,True,lost
https://furnirevive.com/modular-kitchen-rohini,cross_registry_overlap,5,0,4.5,True,True,lost
https://furnirevive.com/modular-kitchen-janakpuri,cross_registry_overlap,14,2,4.633333333333333,True,True,survived
https://furnirevive.com/modular-kitchen-lajpat-nagar,cross_registry_overlap,11,0,5.746666666666667,True,True,lost
https://furnirevive.com/modular-kitchen-dlf-phase-gurgaon,cross_registry_overlap,4,0,4.166666666666667,True,True,lost
https://furnirevive.com/modular-kitchen-golf-course-road-gurgaon,cross_registry_overlap,6,0,6.5,True,True,lost
https://furnirevive.com/modular-kitchen-golf-course-extension-gurgaon,cross_registry_overlap,1,0,10.0,True,True,lost
https://furnirevive.com/modular-kitchen-sushant-lok-gurgaon,cross_registry_overlap,0,0,,False,True,no_period_data
https://furnirevive.com/modular-kitchen-sohna-road-gurgaon,cross_registry_overlap,20,0,4.166666666666667,True,True,lost
https://furnirevive.com/modular-kitchen-nirvana-country-gurgaon,cross_registry_overlap,6,0,7.875,True,True,lost
https://furnirevive.com/modular-kitchen-sector-137-noida,cross_registry_overlap,1,0,9.0,True,True,lost
https://furnirevive.com/modular-kitchen-sector-100-noida,cross_registry_overlap,1,0,4.0,True,True,lost
https://furnirevive.com/modular-kitchen-sector-78-noida,cross_registry_overlap,7,0,5.916666666666666,True,True,lost
https://furnirevive.com/modular-kitchen-vaishali-ghaziabad,cross_registry_overlap,10,0,5.75,True,True,lost
https://furnirevive.com/modular-kitchen-sector-15-faridabad,cross_registry_overlap,5,0,8.375,True,True,lost
https://furnirevive.com/modular-kitchen-sector-21c-faridabad,cross_registry_overlap,1,0,11.0,True,True,lost
https://furnirevive.com/modular-kitchen-pitampura,cross_registry_overlap,16,0,6.29375,True,True,survived
https://furnirevive.com/modular-kitchen-punjabi-bagh,cross_registry_overlap,6,0,6.583333333333333,True,True,lost
https://furnirevive.com/modular-kitchen-rajouri-garden,cross_registry_overlap,18,1,5.6,True,True,lost
https://furnirevive.com/modular-kitchen-mayur-vihar,cross_registry_overlap,12,2,5.722222222222222,True,True,lost
https://furnirevive.com/modular-kitchen-paschim-vihar,cross_registry_overlap,13,0,11.592592592592592,True,True,lost
https://furnirevive.com/modular-kitchen-kalkaji,cross_registry_overlap,20,0,5.712121212121212,True,True,lost
https://furnirevive.com/modular-kitchen-malviya-nagar,cross_registry_overlap,6,0,13.7,True,True,lost
https://furnirevive.com/modular-kitchen-vasant-vihar,cross_registry_overlap,6,0,7.6,True,True,lost
https://furnirevive.com/modular-kitchen-safdarjung-enclave,cross_registry_overlap,9,0,6.5555555555555545,True,True,lost
https://furnirevive.com/modular-kitchen-palam-vihar-gurgaon,cross_registry_overlap,37,1,4.01875,True,True,lost
https://furnirevive.com/modular-kitchen-mg-road-gurgaon,cross_registry_overlap,14,1,5.875,True,True,lost
https://furnirevive.com/modular-kitchen-sector-50-noida,cross_registry_overlap,1,0,3.0,True,True,lost
https://furnirevive.com/modular-kitchen-sector-93-noida,cross_registry_overlap,2,0,8.0,True,True,lost
https://furnirevive.com/modular-kitchen-sector-76-noida,cross_registry_overlap,3,0,5.25,True,True,lost
https://furnirevive.com/modular-kitchen-sector-107-noida,cross_registry_overlap,1,1,12.0,True,True,lost
https://furnirevive.com/modular-kitchen-greater-noida-west,cross_registry_overlap,33,0,21.646153846153844,True,True,lost
https://furnirevive.com/modular-kitchen-nit-faridabad,cross_registry_overlap,6,0,5.4,True,True,lost
https://furnirevive.com/modular-kitchen-neharpar-faridabad,cross_registry_overlap,6,0,5.75,True,True,lost
https://furnirevive.com/modular-kitchen-old-faridabad,cross_registry_overlap,0,0,,False,True,no_period_data
https://furnirevive.com/modular-kitchen-south-delhi,cross_registry_overlap,5,0,5.333333333333333,True,False,lost
https://furnirevive.com/modular-kitchen-saket,cross_registry_overlap,19,0,23.215476190476192,True,True,lost
https://furnirevive.com/modular-kitchen-new-friends-colony,cross_registry_overlap,7,2,2.6666666666666665,True,False,lost
https://furnirevive.com/modular-kitchen-panchsheel-park,cross_registry_overlap,1,0,1.0,True,True,lost
https://furnirevive.com/modular-kitchen-chanakyapuri,cross_registry_overlap,2,0,14.0,True,False,lost
https://furnirevive.com/modular-kitchen-maharani-bagh,cross_registry_overlap,1,1,3.0,True,False,lost
https://furnirevive.com/modular-kitchen-jor-bagh,cross_registry_overlap,0,0,,False,False,no_period_data
https://furnirevive.com/modular-kitchen-shanti-niketan,cross_registry_overlap,6,0,8.583333333333332,True,False,lost
https://furnirevive.com/modular-kitchen-anand-niketan,cross_registry_overlap,0,0,,False,False,no_period_data
https://furnirevive.com/modular-kitchen-lodhi-colony,cross_registry_overlap,3,0,4.333333333333334,True,False,lost
https://furnirevive.com/modular-kitchen-dlf-phase-1-gurgaon,cross_registry_overlap,3,0,12.5,True,False,lost
https://furnirevive.com/modular-kitchen-dlf-phase-2-gurgaon,cross_registry_overlap,0,0,,False,False,no_period_data
https://furnirevive.com/modular-kitchen-dlf-phase-3-gurgaon,cross_registry_overlap,2,0,3.0,True,False,lost
https://furnirevive.com/modular-kitchen-dlf-phase-4-gurgaon,cross_registry_overlap,4,0,1.75,True,False,lost
https://furnirevive.com/modular-kitchen-dlf-phase-5-gurgaon,cross_registry_overlap,4,0,11.666666666666666,True,False,lost
https://furnirevive.com/modular-kitchen-golf-course-extension-road-gurgaon,cross_registry_overlap,1,0,11.0,True,False,lost
https://furnirevive.com/modular-kitchen-south-city-gurgaon,cross_registry_overlap,1,0,5.0,True,False,lost
https://furnirevive.com/modular-kitchen-vatika-city-gurgaon,cross_registry_overlap,2,0,8.5,True,False,lost
https://furnirevive.com/modular-kitchen-expressway-corridor-noida,cross_registry_overlap,1,0,8.0,True,True,lost
https://furnirevive.com/modular-kitchen-sector-143-noida,cross_registry_overlap,1,0,8.0,True,True,lost
https://furnirevive.com/modular-kitchen-kaushambi-ghaziabad,cross_registry_overlap,51,0,6.018722943722944,True,False,lost
https://furnirevive.com/modular-kitchen-greenfields-colony-faridabad,cross_registry_overlap,0,0,,False,False,no_period_data
https://furnirevive.com/modular-kitchen-sector-65-gurgaon,cross_registry_overlap,6,0,4.833333333333333,True,False,lost
https://furnirevive.com/modular-kitchen-sector-66-gurgaon,cross_registry_overlap,1,0,9.0,True,False,lost
https://furnirevive.com/modular-kitchen-sector-52-gurgaon,cross_registry_overlap,2,0,13.5,True,True,lost
https://furnirevive.com/modular-kitchen-sector-53-gurgaon,cross_registry_overlap,0,0,,False,True,no_period_data
https://furnirevive.com/modular-kitchen-sector-54-gurgaon,cross_registry_overlap,1,0,2.0,True,True,lost
https://furnirevive.com/modular-kitchen-sector-102-gurgaon,cross_registry_overlap,2,0,5.5,True,False,lost
https://furnirevive.com/modular-kitchen-manesar-gurgaon,cross_registry_overlap,53,1,5.843290043290044,True,False,lost
https://furnirevive.com/modular-kitchen-sector-110-noida,cross_registry_overlap,4,0,10.75,True,True,lost
https://furnirevive.com/modular-kitchen-sector-113-noida,cross_registry_overlap,0,0,,False,True,no_period_data
https://furnirevive.com/modular-kitchen-sector-92-noida,cross_registry_overlap,0,0,,False,True,no_period_data
https://furnirevive.com/modular-kitchen-sector-77-noida,cross_registry_overlap,0,0,,False,True,no_period_data
https://furnirevive.com/modular-kitchen-sector-79-noida,cross_registry_overlap,0,0,,False,True,no_period_data
https://furnirevive.com/modular-kitchen-sector-71-noida,cross_registry_overlap,0,0,,False,True,no_period_data
https://furnirevive.com/modular-kitchen-sector-75-noida,cross_registry_overlap,0,0,,False,True,no_period_data
https://furnirevive.com/modular-kitchen-sector-94-noida,cross_registry_overlap,0,0,,False,True,no_period_data
https://furnirevive.com/modular-kitchen-sector-96-noida,cross_registry_overlap,0,0,,False,True,no_period_data
https://furnirevive.com/modular-kitchen-sector-97-noida,cross_registry_overlap,0,0,,False,True,no_period_data
https://furnirevive.com/modular-kitchen-sector-98-noida,cross_registry_overlap,1,0,5.0,True,True,lost
https://furnirevive.com/modular-kitchen-sector-99-noida,cross_registry_overlap,0,0,,False,True,no_period_data
https://furnirevive.com/modular-kitchen-sector-104-noida,cross_registry_overlap,7,0,6.0,True,True,lost
https://furnirevive.com/modular-kitchen-sector-117-noida,cross_registry_overlap,4,0,3.333333333333333,True,True,lost
https://furnirevive.com/modular-kitchen-sector-118-noida,cross_registry_overlap,0,0,,False,True,no_period_data
https://furnirevive.com/modular-kitchen-sector-128-noida,cross_registry_overlap,3,1,10.0,True,True,lost
https://furnirevive.com/modular-kitchen-sector-140-noida,cross_registry_overlap,1,0,7.0,True,True,lost
https://furnirevive.com/modular-kitchen-sector-142-noida,cross_registry_overlap,1,0,10.0,True,False,lost
https://furnirevive.com/modular-kitchen-sector-144-noida,cross_registry_overlap,1,0,6.0,True,True,lost
https://furnirevive.com/modular-kitchen-sector-145-noida,cross_registry_overlap,2,0,5.0,True,False,lost
https://furnirevive.com/modular-kitchen-sector-146-noida,cross_registry_overlap,1,0,6.0,True,True,lost
https://furnirevive.com/modular-kitchen-sector-148-noida,cross_registry_overlap,1,0,6.0,True,True,lost
https://furnirevive.com/modular-kitchen-atta-market-noida,cross_registry_overlap,0,0,,False,False,no_period_data
https://furnirevive.com/modular-kitchen-sector-16-faridabad,cross_registry_overlap,7,0,3.083333333333333,True,False,lost
https://furnirevive.com/modular-kitchen-sector-46-faridabad,cross_registry_overlap,3,0,8.333333333333334,True,False,lost
https://furnirevive.com/modular-kitchen-sector-85-faridabad,cross_registry_overlap,6,0,6.0,True,False,lost
https://furnirevive.com/modular-kitchen-sector-86-faridabad,cross_registry_overlap,1,0,3.0,True,True,lost
https://furnirevive.com/modular-kitchen-sector-17-faridabad,cross_registry_overlap,0,0,,False,False,no_period_data
https://furnirevive.com/modular-kitchen-sector-19-faridabad,cross_registry_overlap,1,0,12.0,True,False,lost
https://furnirevive.com/modular-kitchen-sector-23-faridabad,cross_registry_overlap,0,0,,False,False,no_period_data
https://furnirevive.com/modular-kitchen-sector-28-faridabad,cross_registry_overlap,2,0,4.5,True,False,lost
https://furnirevive.com/modular-kitchen-sector-87-faridabad,cross_registry_overlap,1,1,3.0,True,False,lost
https://furnirevive.com/modular-kitchen-shalimar-bagh,cross_registry_overlap,10,0,4.316666666666666,True,False,lost
https://furnirevive.com/modular-kitchen-model-town,cross_registry_overlap,2,0,4.0,True,True,lost
https://furnirevive.com/modular-kitchen-ashok-vihar-phase2,cross_registry_overlap,11,0,6.65625,True,False,lost
https://furnirevive.com/modular-kitchen-ashok-vihar-phase3,cross_registry_overlap,2,0,3.0,True,False,lost
https://furnirevive.com/modular-kitchen-preet-vihar,cross_registry_overlap,17,0,5.541666666666667,True,False,lost
https://furnirevive.com/modular-kitchen-krishna-nagar,cross_registry_overlap,14,1,6.3125,True,True,lost
https://furnirevive.com/modular-kitchen-dilshad-garden,cross_registry_overlap,17,0,5.0200000000000005,True,False,lost
https://furnirevive.com/modular-kitchen-patel-nagar,cross_registry_overlap,13,0,4.25,True,False,lost
https://furnirevive.com/modular-kitchen-vikaspuri,cross_registry_overlap,19,2,3.430555555555556,True,False,lost
https://furnirevive.com/modular-kitchen-uttam-nagar,cross_registry_overlap,24,0,7.403030303030303,True,False,lost
https://furnirevive.com/modular-kitchen-bindapur,cross_registry_overlap,1,0,3.0,True,False,lost
https://furnirevive.com/modular-kitchen-moti-nagar,cross_registry_overlap,2,1,4.0,True,False,lost
https://furnirevive.com/modular-kitchen-kirti-nagar,cross_registry_overlap,64,1,7.172949735449736,True,False,lost
https://furnirevive.com/modular-kitchen-wazirpur,cross_registry_overlap,20,0,6.727272727272728,True,False,lost
https://furnirevive.com/modular-kitchen-saraswati-vihar,cross_registry_overlap,3,0,11.0,True,False,lost
https://furnirevive.com/modular-kitchen-rani-bagh,cross_registry_overlap,14,0,7.871428571428572,True,False,lost
https://furnirevive.com/modular-kitchen-sultanpuri,cross_registry_overlap,1,0,9.0,True,False,lost
https://furnirevive.com/modular-kitchen-mangolpuri,cross_registry_overlap,14,0,4.4375,True,False,survived
https://furnirevive.com/modular-kitchen-ip-extension,cross_registry_overlap,0,0,,False,False,no_period_data
https://furnirevive.com/modular-kitchen-patparganj,cross_registry_overlap,13,0,5.916666666666667,True,False,lost
https://furnirevive.com/modular-kitchen-kondli,cross_registry_overlap,0,0,,False,False,no_period_data
https://furnirevive.com/modular-kitchen-mandawali,cross_registry_overlap,1,0,3.0,True,False,lost
https://furnirevive.com/modular-kitchen-laxmi-nagar,cross_registry_overlap,7,0,5.3125,True,False,lost
https://furnirevive.com/modular-kitchen-shakarpur,cross_registry_overlap,3,0,8.0,True,False,lost
https://furnirevive.com/modular-kitchen-vishwas-nagar,cross_registry_overlap,3,0,9.5,True,False,lost
https://furnirevive.com/modular-kitchen-gandhi-nagar,cross_registry_overlap,1,0,5.0,True,False,lost
https://furnirevive.com/modular-kitchen-geeta-colony,cross_registry_overlap,4,0,5.5,True,False,lost
https://furnirevive.com/modular-kitchen-karkardooma,cross_registry_overlap,2,0,13.5,True,False,lost
https://furnirevive.com/modular-kitchen-anand-vihar,cross_registry_overlap,3,0,20.666666666666668,True,False,lost
https://furnirevive.com/modular-kitchen-najafgarh,cross_registry_overlap,53,0,6.440277777777777,True,False,lost
https://furnirevive.com/modular-kitchen-govindpuri,cross_registry_overlap,12,1,7.388888888888889,True,False,lost
https://furnirevive.com/modular-kitchen-tughlakabad,cross_registry_overlap,14,1,6.183673469387755,True,False,lost
https://furnirevive.com/modular-kitchen-badarpur,cross_registry_overlap,11,0,3.875,True,False,lost
https://furnirevive.com/modular-kitchen-sangam-vihar,cross_registry_overlap,2,0,5.0,True,False,lost
https://furnirevive.com/modular-kitchen-raj-nagar-extension-ghaziabad,cross_registry_overlap,7,0,4.3,True,True,lost
https://furnirevive.com/modular-kitchen-wave-city-ghaziabad,cross_registry_overlap,16,0,8.537037037037036,True,False,lost
https://furnirevive.com/modular-kitchen-crossings-republik-ghaziabad,cross_registry_overlap,5,1,6.166666666666667,True,True,lost
https://furnirevive.com/modular-kitchen-vasundhara-ghaziabad,cross_registry_overlap,1,0,16.0,True,True,lost
https://furnirevive.com/modular-kitchen-pratap-vihar-ghaziabad,cross_registry_overlap,1,0,11.0,True,False,lost
https://furnirevive.com/modular-kitchen-siddharth-vihar-ghaziabad,cross_registry_overlap,12,0,8.863636363636363,True,True,lost
https://furnirevive.com/modular-kitchen-surya-nagar-ghaziabad,cross_registry_overlap,12,0,9.648148148148149,True,False,lost
https://furnirevive.com/modular-kitchen-shyam-park-extension-ghaziabad,cross_registry_overlap,7,0,5.2,True,False,lost
https://furnirevive.com/modular-kitchen-dasna-ghaziabad,cross_registry_overlap,4,0,8.333333333333334,True,False,lost
https://furnirevive.com/modular-kitchen-govindpuram-ghaziabad,cross_registry_overlap,12,0,6.592592592592592,True,False,lost
https://furnirevive.com/modular-kitchen-loni-ghaziabad,cross_registry_overlap,9,0,4.166666666666667,True,False,lost
https://furnirevive.com/modular-kitchen-sahibabad-ghaziabad,cross_registry_overlap,14,0,6.0,True,False,lost
https://furnirevive.com/modular-kitchen-niti-khand-ghaziabad,cross_registry_overlap,1,0,7.0,True,True,lost
https://furnirevive.com/modular-kitchen-shipra-sun-city-ghaziabad,cross_registry_overlap,5,0,10.5,True,False,lost
https://furnirevive.com/modular-kitchen-meerut-road-ghaziabad,cross_registry_overlap,3,0,12.666666666666666,True,False,lost
https://furnirevive.com/modular-kitchen-mohan-nagar-ghaziabad,cross_registry_overlap,2,0,4.0,True,True,lost
https://furnirevive.com/modular-kitchen-sector-4-gurgaon,cross_registry_overlap,2,0,6.0,True,False,lost
https://furnirevive.com/modular-kitchen-sector-5-gurgaon,cross_registry_overlap,0,0,,False,False,no_period_data
https://furnirevive.com/modular-kitchen-sector-9-gurgaon,cross_registry_overlap,1,0,6.0,True,False,lost
https://furnirevive.com/modular-kitchen-sector-14-gurgaon,cross_registry_overlap,0,0,,False,False,no_period_data
https://furnirevive.com/modular-kitchen-sector-17-gurgaon,cross_registry_overlap,0,0,,False,False,no_period_data
https://furnirevive.com/modular-kitchen-sector-18-gurgaon,cross_registry_overlap,4,0,6.5,True,False,lost
https://furnirevive.com/modular-kitchen-sector-23-gurgaon,cross_registry_overlap,1,0,4.0,True,False,lost
https://furnirevive.com/modular-kitchen-sector-62-gurgaon,cross_registry_overlap,3,0,10.666666666666666,True,False,lost
https://furnirevive.com/modular-kitchen-badshahpur-gurgaon,cross_registry_overlap,3,0,7.75,True,False,lost
https://furnirevive.com/modular-kitchen-sector-12-noida,cross_registry_overlap,7,0,27.625,True,False,lost
https://furnirevive.com/modular-kitchen-sector-15-noida,cross_registry_overlap,2,0,6.5,True,False,lost
https://furnirevive.com/modular-kitchen-sector-16-noida,cross_registry_overlap,1,0,6.0,True,False,lost
https://furnirevive.com/modular-kitchen-sector-19-noida,cross_registry_overlap,0,0,,False,False,no_period_data
https://furnirevive.com/modular-kitchen-sector-20-noida,cross_registry_overlap,0,0,,False,False,no_period_data
https://furnirevive.com/modular-kitchen-sector-22-noida,cross_registry_overlap,0,0,,False,True,no_period_data
https://furnirevive.com/modular-kitchen-sector-25-noida,cross_registry_overlap,5,0,3.777777777777777,True,False,lost
https://furnirevive.com/modular-kitchen-sector-26-noida,cross_registry_overlap,2,0,4.0,True,True,lost
https://furnirevive.com/modular-kitchen-sector-27-noida,cross_registry_overlap,0,0,,False,True,no_period_data
https://furnirevive.com/modular-kitchen-sector-29-noida,cross_registry_overlap,1,0,9.0,True,True,lost
https://furnirevive.com/modular-kitchen-sector-45-noida,cross_registry_overlap,1,0,3.0,True,True,lost
https://furnirevive.com/modular-kitchen-sector-46-noida,cross_registry_overlap,2,0,11.0,True,True,lost
https://furnirevive.com/modular-kitchen-sector-48-noida,cross_registry_overlap,1,0,11.0,True,True,lost
https://furnirevive.com/modular-kitchen-sector-49-noida,cross_registry_overlap,9,0,6.0,True,True,lost
https://furnirevive.com/modular-kitchen-sector-51-noida,cross_registry_overlap,1,0,10.0,True,True,lost
https://furnirevive.com/modular-kitchen-sector-52-noida,cross_registry_overlap,0,0,,False,True,no_period_data
https://furnirevive.com/modular-kitchen-sector-53-noida,cross_registry_overlap,4,0,5.833333333333334,True,True,lost
https://furnirevive.com/modular-kitchen-sector-55-noida,cross_registry_overlap,0,0,,False,True,no_period_data
https://furnirevive.com/modular-kitchen-sector-56-noida,cross_registry_overlap,0,0,,False,True,no_period_data
https://furnirevive.com/modular-kitchen-sector-57-noida,cross_registry_overlap,0,0,,False,True,no_period_data
https://furnirevive.com/modular-kitchen-sector-58-noida,cross_registry_overlap,0,0,,False,True,no_period_data
https://furnirevive.com/modular-kitchen-sector-59-noida,cross_registry_overlap,0,0,,False,True,no_period_data
https://furnirevive.com/modular-kitchen-sector-60-noida,cross_registry_overlap,0,0,,False,True,no_period_data
https://furnirevive.com/modular-kitchen-sector-63-noida,cross_registry_overlap,3,0,7.333333333333333,True,True,lost
https://furnirevive.com/modular-kitchen-sector-65-noida,cross_registry_overlap,2,0,2.5,True,False,lost
https://furnirevive.com/modular-kitchen-sector-pi-greater-noida,cross_registry_overlap,0,0,,False,True,no_period_data
https://furnirevive.com/modular-kitchen-knowledge-park-2-greater-noida,cross_registry_overlap,1,0,5.0,True,True,lost
https://furnirevive.com/modular-kitchen-knowledge-park-3-greater-noida,cross_registry_overlap,5,1,18.83333333333333,True,True,lost
https://furnirevive.com/modular-kitchen-pari-chowk-greater-noida,cross_registry_overlap,4,0,6.5,True,True,lost
https://furnirevive.com/modular-kitchen-sector-31-faridabad,cross_registry_overlap,1,0,9.0,True,False,lost
https://furnirevive.com/modular-kitchen-sector-37-faridabad,cross_registry_overlap,0,0,,False,False,no_period_data
https://furnirevive.com/modular-kitchen-sector-65-faridabad,cross_registry_overlap,0,0,,False,False,no_period_data
https://furnirevive.com/modular-kitchen-sector-88-faridabad,cross_registry_overlap,3,0,10.25,True,True,lost
https://furnirevive.com/modular-kitchen-sector-89-faridabad,cross_registry_overlap,0,0,,False,True,no_period_data
https://furnirevive.com/modular-kitchen-sector-90-faridabad,cross_registry_overlap,6,0,8.4,True,True,lost
https://furnirevive.com/modular-kitchen-ballabhgarh-faridabad,cross_registry_overlap,8,0,6.333333333333333,True,True,lost
https://furnirevive.com/modular-kitchen-sector-13-noida,cross_registry_overlap,0,0,,False,False,no_period_data
https://furnirevive.com/modular-kitchen-sector-14-noida,cross_registry_overlap,1,0,4.0,True,False,lost
https://furnirevive.com/modular-kitchen-sector-17-noida,cross_registry_overlap,1,0,9.0,True,False,lost
https://furnirevive.com/modular-kitchen-sector-21-noida,cross_registry_overlap,4,1,6.0,True,False,lost
https://furnirevive.com/modular-kitchen-sector-23-noida,cross_registry_overlap,1,0,6.0,True,False,lost
https://furnirevive.com/modular-kitchen-sector-24-noida,cross_registry_overlap,0,0,,False,False,no_period_data
https://furnirevive.com/modular-kitchen-sector-28-noida,cross_registry_overlap,2,0,5.5,True,False,lost
https://furnirevive.com/modular-kitchen-sector-61-noida,cross_registry_overlap,2,0,18.0,True,True,lost
https://furnirevive.com/modular-kitchen-sector-66-noida,cross_registry_overlap,0,0,,False,True,no_period_data
https://furnirevive.com/modular-kitchen-sector-67-noida,cross_registry_overlap,3,0,9.666666666666666,True,True,lost
https://furnirevive.com/modular-kitchen-sector-68-noida,cross_registry_overlap,0,0,,False,True,no_period_data
https://furnirevive.com/modular-kitchen-sector-69-noida,cross_registry_overlap,2,0,9.0,True,True,lost
https://furnirevive.com/modular-kitchen-sector-70-noida,cross_registry_overlap,2,0,6.0,True,True,lost
https://furnirevive.com/modular-kitchen-sigma-greater-noida,cross_registry_overlap,7,0,23.25,True,False,lost
https://furnirevive.com/modular-kitchen-eta-greater-noida,cross_registry_overlap,1,0,8.0,True,False,lost
https://furnirevive.com/modular-kitchen-surajpur-greater-noida,cross_registry_overlap,15,1,5.214285714285714,True,False,lost
https://furnirevive.com/modular-kitchen-kasna-greater-noida,cross_registry_overlap,4,0,7.666666666666667,True,False,lost
https://furnirevive.com/modular-kitchen-lal-kuan-ghaziabad,cross_registry_overlap,18,0,7.757575757575759,True,False,lost
https://furnirevive.com/modular-kitchen-kavi-nagar-ghaziabad,cross_registry_overlap,2,0,7.5,True,False,lost
https://furnirevive.com/modular-kitchen-gandhi-nagar-ghaziabad,cross_registry_overlap,0,0,,False,False,no_period_data
https://furnirevive.com/modular-kitchen-shastri-nagar-ghaziabad,cross_registry_overlap,12,0,7.861111111111112,True,False,lost
https://furnirevive.com/modular-kitchen-sector-80-noida,cross_registry_overlap,1,0,7.0,True,True,lost
https://furnirevive.com/modular-kitchen-sector-82-noida,cross_registry_overlap,3,0,6.666666666666667,True,True,lost
https://furnirevive.com/modular-kitchen-sector-83-noida,cross_registry_overlap,1,0,1.0,True,True,lost
https://furnirevive.com/modular-kitchen-sector-84-noida,cross_registry_overlap,0,0,,False,True,no_period_data
https://furnirevive.com/modular-kitchen-sector-85-noida,cross_registry_overlap,0,0,,False,True,no_period_data
https://furnirevive.com/modular-kitchen-sector-86-noida,cross_registry_overlap,0,0,,False,True,no_period_data
https://furnirevive.com/modular-kitchen-sector-87-noida,cross_registry_overlap,0,0,,False,True,no_period_data
https://furnirevive.com/modular-kitchen-sector-10-gurgaon,cross_registry_overlap,1,0,3.0,True,False,lost
https://furnirevive.com/modular-kitchen-sector-21-gurgaon,cross_registry_overlap,6,0,1.8333333333333333,True,False,lost
https://furnirevive.com/modular-kitchen-sector-22-gurgaon,cross_registry_overlap,0,0,,False,False,no_period_data
https://furnirevive.com/modular-kitchen-sector-49-faridabad,cross_registry_overlap,1,0,11.0,True,False,lost
https://furnirevive.com/modular-kitchen-phi-greater-noida,cross_registry_overlap,0,0,,False,False,no_period_data
https://furnirevive.com/modular-kitchen-welcome-colony-delhi,cross_registry_overlap,0,0,,False,True,no_period_data
https://furnirevive.com/modular-kitchen-sector-1-noida,cross_registry_overlap,1,0,1.0,True,False,lost
https://furnirevive.com/modular-kitchen-sector-2-noida,cross_registry_overlap,4,0,48.66666666666666,True,False,lost
https://furnirevive.com/modular-kitchen-sector-3-noida,cross_registry_overlap,2,0,7.0,True,False,lost
https://furnirevive.com/modular-kitchen-sector-4-noida,cross_registry_overlap,1,0,11.0,True,False,lost
https://furnirevive.com/modular-kitchen-sector-5-noida,cross_registry_overlap,4,0,39.333333333333336,True,False,lost
https://furnirevive.com/modular-kitchen-sector-6-noida,cross_registry_overlap,3,0,43.0,True,False,lost
https://furnirevive.com/modular-kitchen-sector-7-noida,cross_registry_overlap,0,0,,False,False,no_period_data
https://furnirevive.com/modular-kitchen-sector-8-noida,cross_registry_overlap,1,0,4.0,True,False,lost
https://furnirevive.com/modular-kitchen-sector-9-noida,cross_registry_overlap,41,2,6.30578231292517,True,False,lost
https://furnirevive.com/modular-kitchen-sector-10-noida,cross_registry_overlap,14,0,6.03125,True,False,lost
https://furnirevive.com/modular-kitchen-sector-11-noida,cross_registry_overlap,0,0,,False,False,no_period_data
https://furnirevive.com/modular-kitchen-tronica-city-ghaziabad,cross_registry_overlap,13,1,10.5,True,False,lost
https://furnirevive.com/modular-kitchen-masuri-ghaziabad,cross_registry_overlap,7,0,12.166666666666666,True,False,lost
https://furnirevive.com/modular-kitchen-hapur-road-ghaziabad,cross_registry_overlap,2,1,8.5,True,False,lost
https://furnirevive.com/modular-kitchen-bhopura-ghaziabad,cross_registry_overlap,6,0,8.7,True,False,lost
https://furnirevive.com/modular-kitchen-sector-50-gurgaon,cross_registry_overlap,0,0,,False,True,no_period_data
https://furnirevive.com/modular-kitchen-vaibhav-khand-ghaziabad,cross_registry_overlap,0,0,,False,False,no_period_data
https://furnirevive.com/modular-kitchen-knowledge-park-5-greater-noida,cross_registry_overlap,12,0,22.45,True,False,lost
https://furnirevive.com/modular-kitchen-shivaji-park-delhi,cross_registry_overlap,0,0,,False,False,no_period_data
https://furnirevive.com/modular-kitchen-sector-109-gurgaon,cross_registry_overlap,8,0,5.5,True,False,lost
https://furnirevive.com/modular-kitchen-sector-110-gurgaon,cross_registry_overlap,7,0,2.333333333333333,True,False,lost
https://furnirevive.com/modular-kitchen-sector-111-gurgaon,cross_registry_overlap,5,0,2.4,True,False,lost
https://furnirevive.com/modular-kitchen-sector-54-noida,cross_registry_overlap,0,0,,False,False,no_period_data
https://furnirevive.com/modular-kitchen-sector-93a-noida,cross_registry_overlap,1,0,5.0,True,False,lost
https://furnirevive.com/modular-kitchen-sector-93b-noida,cross_registry_overlap,0,0,,False,False,no_period_data
https://furnirevive.com/modular-kitchen-sector-106-noida,cross_registry_overlap,1,0,1.0,True,False,lost
https://furnirevive.com/modular-kitchen-sector-108-noida,cross_registry_overlap,0,0,,False,False,no_period_data
https://furnirevive.com/modular-kitchen-sector-109-noida,cross_registry_overlap,5,0,10.2,True,False,lost
https://furnirevive.com/modular-kitchen-sector-111-noida,cross_registry_overlap,1,0,1.0,True,False,lost
https://furnirevive.com/modular-kitchen-sector-112-noida,cross_registry_overlap,2,0,6.5,True,False,lost
https://furnirevive.com/modular-kitchen-sector-114-noida,cross_registry_overlap,0,0,,False,False,no_period_data
https://furnirevive.com/modular-kitchen-sector-115-noida,cross_registry_overlap,8,0,7.142857142857142,True,False,lost
https://furnirevive.com/modular-kitchen-sector-116-noida,cross_registry_overlap,0,0,,False,False,no_period_data
https://furnirevive.com/modular-kitchen-sector-138-noida,cross_registry_overlap,0,0,,False,False,no_period_data
https://furnirevive.com/modular-kitchen-sector-139-noida,cross_registry_overlap,0,0,,False,False,no_period_data
https://furnirevive.com/modular-kitchen-sector-141-noida,cross_registry_overlap,1,0,5.0,True,False,lost
https://furnirevive.com/modular-kitchen-sector-147-noida,cross_registry_overlap,0,0,,False,False,no_period_data
https://furnirevive.com/modular-kitchen-sector-153-noida,cross_registry_overlap,2,0,6.5,True,False,lost
https://furnirevive.com/modular-kitchen-sector-155-noida,cross_registry_overlap,0,0,,False,False,no_period_data
https://furnirevive.com/modular-kitchen-sector-168-noida,cross_registry_overlap,3,0,3.25,True,False,lost
https://furnirevive.com/modular-kitchen-jaypee-greens-noida,cross_registry_overlap,4,0,6.0,True,False,lost
https://furnirevive.com/modular-kitchen-dundahera-ghaziabad,cross_registry_overlap,0,0,,False,False,no_period_data
https://furnirevive.com/modular-kitchen-mewla-maharajpur-faridabad,cross_registry_overlap,1,0,10.0,True,False,lost
https://furnirevive.com/modular-kitchen-ajronda-faridabad,cross_registry_overlap,3,0,6.333333333333333,True,False,lost
https://furnirevive.com/modular-kitchen-sector-154-noida,cross_registry_overlap,0,0,,False,False,no_period_data
https://furnirevive.com/modular-kitchen-sector-27-greater-noida,cross_registry_overlap,4,1,16.5,True,False,lost
https://furnirevive.com/modular-kitchen-sector-36-greater-noida,cross_registry_overlap,3,0,8.0,True,False,lost
https://furnirevive.com/modular-kitchen-omega-1-greater-noida,cross_registry_overlap,0,0,,False,False,no_period_data
https://furnirevive.com/modular-kitchen-wazirabad-gurgaon,cross_registry_overlap,9,1,9.388888888888888,True,False,lost
https://furnirevive.com/modular-kitchen-sector-47-faridabad,cross_registry_overlap,3,0,8.0,True,False,lost
https://furnirevive.com/modular-kitchen-sector-64-noida,cross_registry_overlap,3,1,6.75,True,False,lost
https://furnirevive.com/modular-kitchen-sector-101-noida,cross_registry_overlap,0,0,,False,False,no_period_data
https://furnirevive.com/modular-kitchen-sector-102-noida,cross_registry_overlap,3,0,6.0,True,False,lost
https://furnirevive.com/modular-kitchen-sector-103-noida,cross_registry_overlap,2,0,7.0,True,False,lost
https://furnirevive.com/modular-kitchen-sector-105-noida,cross_registry_overlap,0,0,,False,False,no_period_data
https://furnirevive.com/modular-kitchen-sector-95-noida,cross_registry_overlap,1,0,5.0,True,False,lost
https://furnirevive.com/modular-kitchen-lotus-boulevard-noida,cross_registry_overlap,4,0,8.666666666666666,True,False,lost
https://furnirevive.com/modular-kitchen-southern-peripheral-road-gurgaon,cross_registry_overlap,0,0,,False,False,no_period_data
https://furnirevive.com/modular-kitchen-sector-82-faridabad,cross_registry_overlap,0,0,,False,False,no_period_data
https://furnirevive.com/modular-kitchen-sector-83-faridabad,cross_registry_overlap,1,0,9.0,True,False,lost
https://furnirevive.com/modular-kitchen-nhpc-colony-faridabad,cross_registry_overlap,2,0,5.0,True,False,lost
https://furnirevive.com/modular-kitchen-tigaon-road-faridabad,cross_registry_overlap,3,1,7.75,True,False,lost
https://furnirevive.com/modular-kitchen-sector-17-chandigarh,cross_registry_overlap,0,0,,False,True,no_period_data
https://furnirevive.com/modular-kitchen-sector-22-chandigarh,cross_registry_overlap,0,0,,False,True,no_period_data
https://furnirevive.com/modular-kitchen-sector-34-chandigarh,cross_registry_overlap,0,0,,False,True,no_period_data
https://furnirevive.com/modular-kitchen-sector-35-chandigarh,cross_registry_overlap,0,0,,False,True,no_period_data
https://furnirevive.com/modular-kitchen-sector-43-chandigarh,cross_registry_overlap,0,0,,False,True,no_period_data
https://furnirevive.com/modular-kitchen-sector-44-chandigarh,cross_registry_overlap,0,0,,False,True,no_period_data
https://furnirevive.com/modular-kitchen-sector-45-chandigarh,cross_registry_overlap,0,0,,False,True,no_period_data
https://furnirevive.com/modular-kitchen-sector-46-chandigarh,cross_registry_overlap,0,0,,False,True,no_period_data
https://furnirevive.com/modular-kitchen-sector-47-chandigarh,cross_registry_overlap,0,0,,False,True,no_period_data
https://furnirevive.com/modular-kitchen-sector-20-chandigarh,cross_registry_overlap,0,0,,False,True,no_period_data
https://furnirevive.com/modular-kitchen-sector-21-chandigarh,cross_registry_overlap,0,0,,False,True,no_period_data
https://furnirevive.com/modular-kitchen-manimajra-chandigarh,cross_registry_overlap,0,0,,False,True,no_period_data
https://furnirevive.com/modular-kitchen-sector-36-chandigarh,cross_registry_overlap,0,0,,False,True,no_period_data
https://furnirevive.com/modular-kitchen-sector-37-chandigarh,cross_registry_overlap,0,0,,False,True,no_period_data
https://furnirevive.com/modular-kitchen-sector-38-chandigarh,cross_registry_overlap,0,0,,False,True,no_period_data
https://furnirevive.com/modular-kitchen-phase-1-mohali,cross_registry_overlap,0,0,,False,True,no_period_data
https://furnirevive.com/modular-kitchen-phase-3b2-mohali,cross_registry_overlap,0,0,,False,True,no_period_data
https://furnirevive.com/modular-kitchen-phase-5-mohali,cross_registry_overlap,0,0,,False,True,no_period_data
https://furnirevive.com/modular-kitchen-phase-7-mohali,cross_registry_overlap,0,0,,False,True,no_period_data
https://furnirevive.com/modular-kitchen-phase-10-mohali,cross_registry_overlap,0,0,,False,True,no_period_data
https://furnirevive.com/modular-kitchen-aerocity-mohali,cross_registry_overlap,0,0,,False,True,no_period_data
https://furnirevive.com/modular-kitchen-it-city-mohali,cross_registry_overlap,0,0,,False,True,no_period_data
https://furnirevive.com/modular-kitchen-sector-66-mohali,cross_registry_overlap,0,0,,False,True,no_period_data
https://furnirevive.com/modular-kitchen-sector-68-mohali,cross_registry_overlap,0,0,,False,True,no_period_data
https://furnirevive.com/modular-kitchen-sector-70-mohali,cross_registry_overlap,0,0,,False,True,no_period_data
https://furnirevive.com/modular-kitchen-sector-71-mohali,cross_registry_overlap,0,0,,False,True,no_period_data
https://furnirevive.com/modular-kitchen-sector-76-mohali,cross_registry_overlap,0,0,,False,True,no_period_data
https://furnirevive.com/modular-kitchen-sector-82-mohali,cross_registry_overlap,0,0,,False,True,no_period_data
https://furnirevive.com/modular-kitchen-sector-85-mohali,cross_registry_overlap,0,0,,False,True,no_period_data
https://furnirevive.com/modular-kitchen-sector-90-mohali,cross_registry_overlap,0,0,,False,True,no_period_data
https://furnirevive.com/modular-kitchen-zirakpur-mohali,cross_registry_overlap,0,0,,False,True,no_period_data
https://furnirevive.com/modular-kitchen-kharar-mohali,cross_registry_overlap,0,0,,False,True,no_period_data
https://furnirevive.com/modular-kitchen-sunny-enclave-mohali,cross_registry_overlap,0,0,,False,True,no_period_data
https://furnirevive.com/modular-kitchen-new-chandigarh-mohali,cross_registry_overlap,0,0,,False,True,no_period_data
https://furnirevive.com/modular-kitchen-derabassi-mohali,cross_registry_overlap,0,0,,False,True,no_period_data
https://furnirevive.com/modular-kitchen-sector-5-panchkula,cross_registry_overlap,0,0,,False,True,no_period_data
https://furnirevive.com/modular-kitchen-sector-7-panchkula,cross_registry_overlap,0,0,,False,True,no_period_data
https://furnirevive.com/modular-kitchen-sector-8-panchkula,cross_registry_overlap,0,0,,False,True,no_period_data
https://furnirevive.com/modular-kitchen-sector-9-panchkula,cross_registry_overlap,0,0,,False,True,no_period_data
https://furnirevive.com/modular-kitchen-sector-10-panchkula,cross_registry_overlap,0,0,,False,True,no_period_data
https://furnirevive.com/modular-kitchen-sector-11-panchkula,cross_registry_overlap,0,0,,False,True,no_period_data
https://furnirevive.com/modular-kitchen-sector-12-panchkula,cross_registry_overlap,0,0,,False,True,no_period_data
https://furnirevive.com/modular-kitchen-sector-15-panchkula,cross_registry_overlap,0,0,,False,True,no_period_data
https://furnirevive.com/modular-kitchen-sector-17-panchkula,cross_registry_overlap,0,0,,False,True,no_period_data
https://furnirevive.com/modular-kitchen-sector-20-panchkula,cross_registry_overlap,0,0,,False,True,no_period_data
https://furnirevive.com/modular-kitchen-sector-21-panchkula,cross_registry_overlap,0,0,,False,True,no_period_data
https://furnirevive.com/modular-kitchen-mdc-sector-4-panchkula,cross_registry_overlap,0,0,,False,True,no_period_data
https://furnirevive.com/modular-kitchen-mdc-sector-5-panchkula,cross_registry_overlap,0,0,,False,True,no_period_data
https://furnirevive.com/modular-kitchen-dhakoli-panchkula,cross_registry_overlap,0,0,,False,True,no_period_data
https://furnirevive.com/modular-kitchen-kalka-panchkula,cross_registry_overlap,0,0,,False,True,no_period_data
